{"Random Forest": {"accuracy": 0.89, "auc": 0.9416529055594873, "cv_accuracy": 0.8874999999999998}, "Gradient Boosting": {"accuracy": 0.885, "auc": 0.9354407486042307, "cv_accuracy": 0.8781249999999998}, "Decision Tree": {"accuracy": 0.8375, "auc": 0.8223506592225629, "cv_accuracy": 0.7918749999999999}, "Logistic Regression": {"accuracy": 0.935, "auc": 0.9554926476370215, "cv_accuracy": 0.940625}}